2507001	./Classy_cocktails/20251211_0001.jpg
2809437	./Classy_cocktails/20251211_0002.jpg
2807253	./Classy_cocktails/20251211_0003.jpg
2604204	./Classy_cocktails/20251211_0004.jpg
2619740	./Classy_cocktails/20251211_0005.jpg
2919536	./Classy_cocktails/20251211_0006.jpg
2894302	./Classy_cocktails/20251211_0007.jpg
2760706	./Classy_cocktails/20251211_0008.jpg
2730552	./Classy_cocktails/20251211_0009.jpg
2837015	./Classy_cocktails/20251211_0010.jpg
2587982	./Classy_cocktails/20251211_0011.jpg
2592699	./Classy_cocktails/20251211_0012.jpg
2212644	./Classy_cocktails/20251211_0013.jpg
2575595	./Classy_cocktails/20251211_0014.jpg
2689264	./Classy_cocktails/20251211_0015.jpg
2842526	./Classy_cocktails/20251211_0016.jpg
2531466	./Classy_cocktails/20251211_0017.jpg
2893556	./Classy_cocktails/20251211_0018.jpg
2462636	./Classy_cocktails/20251211_0019.jpg
2751033	./Classy_cocktails/20251211_0020.jpg
2618040	./Classy_cocktails/20251211_0021.jpg
2355411	./Classy_cocktails/20251211_0022.jpg
2994355	./Classy_cocktails/20251211_0023.jpg
2991245	./Classy_cocktails/20251211_0024.jpg
2438003	./Classy_cocktails/20251211_0025.jpg
2627522	./Classy_cocktails/20251211_0026.jpg
2989366	./Classy_cocktails/20251211_0027.jpg
2473718	./Classy_cocktails/20251211_0028.jpg
2849403	./Classy_cocktails/20251211_0029.jpg
2766370	./Classy_cocktails/20251211_0030.jpg
2904035	./Classy_cocktails/20251211_0031.jpg
3057901	./Classy_cocktails/20251211_0032.jpg
2706388	./Classy_cocktails/20251211_0033.jpg
2670392	./Classy_cocktails/20251211_0034.jpg
2768281	./Classy_cocktails/20251211_0035.jpg
3139321	./Classy_cocktails/20251211_0036.jpg
2895462	./Classy_cocktails/20251211_0037.jpg
3371931	./Classy_cocktails/20251211_0051.jpg
3431855	./Classy_cocktails/20251211_0052.jpg
3225039	./Classy_cocktails/20251211_0053.jpg
3079913	./Classy_cocktails/20251211_0054.jpg
2746860	./Classy_cocktails/20251211_0055.jpg
2725775	./Classy_cocktails/Aviation
3333607	./Classy_cocktails/Boulevardier
3178692	./Classy_cocktails/Cosmopolitan
2405399	./Classy_cocktails/Dry Martini
