607856	./Vibe/0150.JPG
590261	./Vibe/0151.JPG
443929	./Vibe/0152.JPG
516948	./Vibe/0153.JPG
449851	./Vibe/0154.JPG
266416	./Vibe/0155.JPG
350245	./Vibe/0156.JPG
274637	./Vibe/0157.JPG
368262	./Vibe/0158.JPG
440484	./Vibe/0159.JPG
407522	./Vibe/0160.JPG
347015	./Vibe/0161.JPG
418078	./Vibe/0162.JPG
252130	./Vibe/0163.JPG
258738	./Vibe/0164.JPG
343730	./Vibe/0165.JPG
312061	./Vibe/0166.JPG
418350	./Vibe/0167.JPG
511941	./Vibe/0168.JPG
304042	./Vibe/0169.JPG
306970	./Vibe/0170.JPG
326716	./Vibe/0171.JPG
305182	./Vibe/0172.JPG
147894	./Vibe/0173.JPG
315256	./Vibe/0174.JPG
612043	./Vibe/0175.JPG
493613	./Vibe/0176.JPG
450944	./Vibe/0177.JPG
521639	./Vibe/0178.JPG
511081	./Vibe/0179.JPG
352470	./Vibe/0180.JPG
350056	./Vibe/0181.JPG
266462	./Vibe/0182.JPG
399461	./Vibe/0183.JPG
266866	./Vibe/0184.JPG
456986	./Vibe/0185.JPG
296139	./Vibe/0186.JPG
181935	./Vibe/0187.JPG
271824	./Vibe/0188.JPG
305166	./Vibe/0189.JPG
261207	./Vibe/0190.JPG
239524	./Vibe/0191.JPG
240672	./Vibe/0192.JPG
250599	./Vibe/0193.JPG
403325	./Vibe/0194.JPG
166921	./Vibe/0195.JPG
252696	./Vibe/0196.JPG
218593	./Vibe/0197.JPG
404489	./Vibe/0198.JPG
235410	./Vibe/0199.JPG
421214	./Vibe/0200.JPG
464240	./Vibe/0201.JPG
480980	./Vibe/0202.JPG
168630	./Vibe/0203.JPG
115425	./Vibe/0204.JPG
292419	./Vibe/0205.JPG
528163	./Vibe/0206.JPG
336099	./Vibe/0207.JPG
260947	./Vibe/0208.JPG
210848	./Vibe/0209.JPG
295423	./Vibe/0210.JPG
220799	./Vibe/0211.JPG
295168	./Vibe/0212.JPG
242153	./Vibe/0213.JPG
223439	./Vibe/0214.JPG
323301	./Vibe/0215.JPG
190093	./Vibe/0216.JPG
268751	./Vibe/0217.JPG
239007	./Vibe/0218.JPG
178433	./Vibe/0219.JPG
288213	./Vibe/0220.JPG
288817	./Vibe/0221.JPG
171774	./Vibe/0222.JPG
165022	./Vibe/0223.JPG
324251	./Vibe/0224.JPG
197080	./Vibe/0225.JPG
318774	./Vibe/0226.JPG
307822	./Vibe/0227.JPG
437466	./Vibe/0228.JPG
341800	./Vibe/0229.JPG
461446	./Vibe/0230.JPG
280940	./Vibe/0231.JPG
346780	./Vibe/0232.JPG
369810	./Vibe/0233.JPG
386553	./Vibe/0234.JPG
334349	./Vibe/0235.JPG
383191	./Vibe/0236.JPG
372028	./Vibe/0237.JPG
353280	./Vibe/0238.JPG
359160	./Vibe/0239.JPG
424125	./Vibe/0240.JPG
