6205958	./Cocktails/808
9181970	./Cocktails/ABBA.jpg
9779872	./Cocktails/DIN 45500..jpg
10140245	./Cocktails/DIN 45500.jpg
9134849	./Cocktails/Dry Martini.jpg
9769300	./Cocktails/Itunes..jpg
12126259	./Cocktails/Itunes.jpg
11269252	./Cocktails/Longplay.jpg
6267854	./Cocktails/Minimoog.jpg
10438156	./Cocktails/Pornstar Martini.j.jpg
8594406	./Cocktails/Pornstar Martini.jpg
8594040	./Cocktails/Skinny Bitch.jpg
10942692	./Cocktails/abba
9755471	./Cocktails/b_a Dirty Martini..jpg
10652801	./Cocktails/b_a Dirty Martini.jpg
6761637	./Cocktails/fairlight smi
12489900	./Cocktails/gibson
11541494	./Cocktails/gramophone
4713677	./Cocktails/longplay
6683827	./Cocktails/minimoog
13800502	./Cocktails/walkman
