11776474	./Food/fresh/20260407_0001.jpg
12816030	./Food/fresh/20260407_0002.jpg
14414697	./Food/fresh/20260407_0003.jpg
10925096	./Food/fresh/20260407_0004.jpg
10088838	./Food/fresh/20260407_0005.jpg
11623880	./Food/fresh/20260407_0006.jpg
10789915	./Food/fresh/20260407_0007.jpg
10925172	./Food/fresh/20260407_0008.jpg
11349759	./Food/fresh/20260407_0009.jpg
11954978	./Food/fresh/20260407_0010.jpg
10603403	./Food/fresh/20260407_0011.jpg
12465273	./Food/fresh/20260407_0012.jpg
10546985	./Food/fresh/20260407_0013.jpg
10745408	./Food/fresh/20260407_0014.jpg
11896697	./Food/fresh/20260407_0015.jpg
12882392	./Food/fresh/20260407_0016.jpg
11221680	./Food/fresh/20260407_0017.jpg
9790150	./Food/fresh/20260407_0018.jpg
11728558	./Food/fresh/20260407_0019.jpg
12218464	./Food/fresh/20260407_0020.jpg
10867522	./Food/fresh/20260407_0021.jpg
10378052	./Food/fresh/20260407_0022.jpg
10881593	./Food/fresh/20260407_0023.jpg
9801810	./Food/fresh/20260407_0024.jpg
9386215	./Food/fresh/20260407_0025.jpg
9727689	./Food/fresh/20260407_0026.jpg
9803606	./Food/fresh/20260407_0027.jpg
9747132	./Food/fresh/20260407_0028.jpg
9786553	./Food/fresh/20260407_0029.jpg
8879287	./Food/fresh/20260407_0030.jpg
10042623	./Food/fresh/20260407_0031.jpg
8876774	./Food/fresh/20260407_0032.jpg
10482210	./Food/fresh/20260407_0033.jpg
10733426	./Food/fresh/20260407_0034.jpg
12284950	./Food/fresh/20260407_0035.jpg
12517802	./Food/fresh/20260407_0036.jpg
13738127	./Food/fresh/20260407_0037.jpg
13538277	./Food/fresh/20260407_0038.jpg
13754342	./Food/fresh/20260407_0039.jpg
12921281	./Food/fresh/20260407_0040.jpg
12519975	./Food/fresh/20260407_0041.jpg
13116563	./Food/fresh/20260407_0042.jpg
12715595	./Food/fresh/20260407_0043.jpg
12901497	./Food/fresh/20260407_0044.jpg
12314504	./Food/fresh/20260407_0045.jpg
12819529	./Food/fresh/20260407_0046.jpg
12409075	./Food/fresh/20260407_0047.jpg
12735446	./Food/fresh/20260407_0048.jpg
11841731	./Food/fresh/20260407_0049.jpg
7549851	./Food/fresh/20260407_0050.jpg
4512392	./Food/fresh/20260407_0051.jpg
5882991	./Food/fresh/20260407_0052.jpg
11057641	./Food/fresh/20260407_0053.jpg
8571278	./Food/fresh/20260407_0054.jpg
9879898	./Food/fresh/20260407_0055.jpg
7288042	./Food/fresh/20260407_0056.jpg
9459805	./Food/fresh/20260407_0057.jpg
7488349	./Food/fresh/20260407_0058.jpg
7934263	./Food/fresh/20260407_0059.jpg
8248232	./Food/fresh/20260407_0060.jpg
8573385	./Food/fresh/20260407_0061.jpg
6928969	./Food/fresh/20260407_0062.jpg
9169854	./Food/fresh/20260407_0063.jpg
8509474	./Food/fresh/20260407_0064.jpg
7817048	./Food/fresh/20260407_0065.jpg
9998423	./Food/fresh/20260407_0066.jpg
9781880	./Food/fresh/20260407_0067.jpg
8793188	./Food/fresh/20260407_0068.jpg
10510943	./Food/fresh/20260407_0069.jpg
9806988	./Food/fresh/20260407_0070.jpg
9832547	./Food/fresh/20260407_0071.jpg
9078182	./Food/fresh/20260407_0072.jpg
10236007	./Food/fresh/20260407_0073.jpg
