11874952	./Film/68500001.JPG
12360131	./Film/68500002.JPG
14478054	./Film/68500003.JPG
13437448	./Film/68500004.JPG
14601339	./Film/68500005.JPG
14397183	./Film/68500006.JPG
14731071	./Film/68500007.JPG
10127098	./Film/68500008.JPG
12418553	./Film/68500009.JPG
13401534	./Film/68500010.JPG
12669599	./Film/68500011.JPG
11002641	./Film/68500012.JPG
14947981	./Film/68500013.JPG
12071702	./Film/68500014.JPG
11755334	./Film/68500015.JPG
14851976	./Film/68500016.JPG
15335313	./Film/68500017.JPG
14268374	./Film/68500018.JPG
15192005	./Film/68500019.JPG
13470343	./Film/68500020.JPG
13312729	./Film/68500021.JPG
13430620	./Film/68500022.JPG
16074513	./Film/68500023.JPG
13587302	./Film/68500024.JPG
14782665	./Film/68500025.JPG
12987937	./Film/68500026.JPG
15195569	./Film/68500027.JPG
14886067	./Film/68500028.JPG
13806947	./Film/68500029.JPG
13467294	./Film/68500030.JPG
11733588	./Film/68500031.JPG
15229707	./Film/68500032.JPG
14255970	./Film/68500033.JPG
13959991	./Film/68500034.JPG
13457912	./Film/68500035.JPG
14191152	./Film/68500036.JPG
12928733	./Film/68500037.JPG
19633277	./Film/84270001.JPG
2928705	./Film/84270002.JPG
14122817	./Film/84270003.JPG
15540957	./Film/84270004.JPG
15033505	./Film/84270005.JPG
13345564	./Film/84270006.JPG
12972095	./Film/84270007.JPG
12816253	./Film/84270008.JPG
13913996	./Film/84270009.JPG
13407308	./Film/84270010.JPG
13034645	./Film/84270011.JPG
12108085	./Film/84270012.JPG
13185598	./Film/84270013.JPG
12887170	./Film/84270014.JPG
16182042	./Film/84270015.JPG
12920473	./Film/84270016.JPG
11668323	./Film/84270017.JPG
13222446	./Film/84270018.JPG
13167333	./Film/84270019.JPG
14513544	./Film/84270020.JPG
10658211	./Film/84270021.JPG
13886217	./Film/84270022.JPG
14456838	./Film/84270023.JPG
14400242	./Film/84270024.JPG
14139665	./Film/84270025.JPG
12531191	./Film/84270026.JPG
10121789	./Film/84270027.JPG
14414621	./Film/84270028.JPG
11751262	./Film/84270029.JPG
14613421	./Film/84270030.JPG
